{"cameraMode":{"drawMode":0,"name":"Shaded","section":"Shading Mode"},"sceneLighting":true,"audioPlay":false,"sceneViewState":{"m_AlwaysRefresh":false,"showFog":true,"showSkybox":true,"showFlares":true,"showImageEffects":true,"showParticleSystems":true,"showVisualEffectGraphs":true,"m_FxEnabled":true},"in2DMode":false,"pivot":{"x":-0.2871409058570862,"y":-11.800261497497559,"z":42.557308197021487},"rotation":{"x":0.1726921945810318,"y":-0.04046179726719856,"z":0.007100596092641354,"w":0.9841213822364807},"size":19.894084930419923,"orthographic":false}